{"episode_rewards": [850.1546099290633, 852.3547445255323, 719.1146417445322, 723.743661971817, 581.7571865443307, 885.9111111110907, 886.9382636655794, 596.2285714285637, 754.5854785478436, 512.9805157593054, 422.9788079470075, 204.00711974110362, 132.88270676692213, 733.1333333333212, 674.813793103432], "mean": 635.4389697412964, "std": 225.4601312546339}