{"episode_rewards": [804.9971014492625, 816.466187050341, 659.1999999999853, 441.3245421245268, 188.45734265733716, 820.6285714285528, 432.3010452961504, 872.7099337748239, 203.54782608695777, 889.0305084745596, 277.20687285221703, 835.5636363636175, 746.4222222222033, 145.82162162162692, 460.45356125354624], "mean": 572.9420648437139, "std": 267.6700983713872}