{"episode_rewards": [909.9999999999808, 735.3263157894561, 830.7090909090729, 847.3524475524296, 886.8550161812117, 71.1286713286764, 636.3079365079294, 889.2736842105063, 802.5355623100158, 858.1333333333124, 827.8575539568149, 815.9290322580521, 528.2722222222063, 626.5080745341444, 889.52602739724], "mean": 743.7143312327366, "std": 210.059509694015}