{"episode_rewards": [718.9879858657122, -65.33900709219925, -90.32879581151745, -73.30859106529222, -89.20579710144845, 778.3208791208671, 717.3818181818053, 504.934767025075, 255.07188612098145, 542.5121019108138, 25.09928057554083, 341.7087108013833, 361.18830409355473, 623.2259740259616, 20.500000000001478], "mean": 304.716634443416, "std": 318.4717170606056}