{"episode_rewards": [845.0554744525367, 833.8277777777568, 893.3691318327801, 863.6554216867328, 786.9951219512016, 248.63720930231182, 52.62392026578496, 917.6999999999822, 848.0758620689464, 873.4842105262982, 589.8958466453516, 852.698550724625, 787.9989619377064, 856.8957095709443, 847.8968858131365], "mean": 739.9206723037397, "std": 244.77240510545846}