{"episode_rewards": [257.4388888888773, 542.8976430976288, 853.3714285714125, 714.1322475569896, 630.2964539006995, 573.7811912225593, 724.6175182481606, -88.705747126436, 730.0583025830172, 703.2482758620541, 633.5883959044229, 585.6108108107989, 753.2798534798416, 619.3945945945839, 647.8620155038665], "mean": 592.0581248732318, "std": 222.6220430890079}