{"episode_rewards": [602.3089605734662, -89.81937716262891, 487.2125874125758, -86.64067796610102, -84.12282958199303, 662.573722627723, -90.42801302931508, -81.11603053435076, 505.6631921823987, 567.5115987460705, 233.13333333333074, 452.1012552301164, -89.85517241379226, 762.148178137635, 477.7816513761361], "mean": 281.89682526208475, "std": 320.2402346587788}