{"episode_rewards": [750.5462686566992, 394.42365591396293, 29.93698630137238, 773.8740740740574, 675.7740259740099, 598.4301369862891, 677.9690140844941, 868.1098591549097, 835.0226720647593, 706.6965517241201, 12.044897959184937, 827.2809160305222, 66.46666666667173, 717.6807947019784, 521.5105263157823], "mean": 563.7178031072543, "std": 288.98961014334947}