{"episode_rewards": [892.6057553956703, 773.925874125861, 835.3932203389671, 776.9331058020302, 698.6668555240685, 784.0105263157711, 864.9567944250725, 803.0258064515997, -28.98338278931828, 612.2600638977523, 848.6188976377827, 631.2285714285579, 352.4315789473513, -52.4184300341305, 892.7824561403361], "mean": 645.6958462404913, "std": 300.831853378869}