{"episode_rewards": [149.91379310344894, 344.09268292682805, 348.2787878787857, 901.3999999999816, 515.8274509803867, 884.6851851851676, 132.3014760147605, 132.958823529412, 321.5071684587805, 569.1630363036259, 796.2741935483759, 9.75805471124621, 821.0530864197343, 406.2794520547927, 832.3859060402502], "mean": 477.7252731437051, "std": 297.63721798342954}