{"episode_rewards": [261.795419847318, 256.77575757575016, 500.4658227847973, 426.8872964169308, 412.4450331125709, 123.88354430380244, -29.1887468030698, 212.86459627329413, 506.83888888887657, 474.279872204463, 208.47835051546764, 234.77046979866202, 458.9014925373057, -89.72988929889215, 289.8810035842218], "mean": 283.28992744943326, "std": 178.5261006364778}