{"episode_rewards": [631.2814814814703, 792.6571428571258, 825.1731343283427, 904.3999999999884, 825.3319148936056, 744.2444444444285, 900.699999999985, 912.5999999999931, 855.7322033898153, 889.0473118279417, 870.8144927536117, 846.3408805031261, 841.8289855072339, 892.1371647509488, 784.0443729903385], "mean": 834.4222353151971, "std": 71.89824354761448}