{"episode_rewards": [-40.6496240601512, 673.8478873239304, 583.410526315774, 727.7714285714146, 473.08316151201825, 791.0918918918727, 756.3428571428407, 597.7815602836756, 833.9826086956404, 617.9499999999858, 658.6501718212946, 710.3111111110961, 705.3224489795804, 645.2317460317352, 542.0571428571325], "mean": 618.4123278985227, "std": 198.60304620750478}