{"episode_rewards": [819.5324414715536, 292.54924471298426, 769.3652173912936, 574.6251748251645, 818.3185185185018, 189.51962616822917, 396.5948717948607, 819.6606271776863, 307.8882352941039, 496.97314487631905, 697.0972972972814, -44.849446494465745, 848.8909090908934, 771.2285714285568, 615.8883280756974], "mean": 558.2188507752439, "std": 266.3789730310934}