{"episode_rewards": [289.0, 282.0, 295.0, 278.0, 316.0, 312.0, 256.0, 295.0, 287.0, 305.0, 307.0, 279.0, 270.0, 280.0, 304.0], "mean": 290.3333333333333, "std": 16.152055252780954}