{"episode_rewards": [1002.0, 1002.0, 1002.0, 1002.0, 1002.0, 953.0, 726.0, 1002.0, 1002.0, 1002.0, 1002.0, 1002.0, 1002.0, 1002.0, 1002.0], "mean": 980.3333333333334, "std": 69.05810757776541}