{"episode_rewards": [824.4283018867795, 430.38780487803797, 764.5616541353199, 612.3183006535802, 576.3705882352793, 601.4503875968882, 544.7598130840986, 632.3840764331031, 298.7095238095124, 561.82170818504, 424.43987730060223, 792.3731182795547, 539.1405063290994, 507.4949367088468, 753.91459854013], "mean": 590.9703464037248, "std": 142.78640279826337}