{"episode_rewards": [795.8999999999876, 579.8999999999915, 65.95166051661036, 720.7469055374419, 565.5976744185954, 147.21182795699437, 694.0176470588067, 774.8999999999832, 74.90000000000524, 235.83750000000518, 771.7861209964285, 769.3029850746113, 675.899999999985, 872.7682170542538, 67.78321167883735], "mean": 520.8335833528358, "std": 296.6619564949}