{"episode_rewards": [309.67443609021075, 351.31065830720433, 586.768686868672, 792.3731182795557, -16.72631578947322, 739.4904436859886, 600.8966777408558, 35.320289855073156, 546.7531468531431, 298.59281045750294, 771.3285714285556, 281.17090301003805, 618.8781021897745, 538.3615384615283, 13.27150837988907], "mean": 431.16430505456805, "std": 264.2601418503706}