{"episode_rewards": [903.2999999999831, 911.3999999999905, 908.1999999999819, 302.5845637583735, 887.3999999999842, 863.2027522935578, 859.776543209857, 773.6201365187519, 921.8999999999855, 912.4999999999852, 815.2094462540512, 900.6999999999834, 867.0052631578776, 912.099999999984, 836.8627507163133], "mean": 838.3840970605775, "std": 148.84337579114464}