{"episode_rewards": [527.4167785234773, 501.3492753623067, 532.6272727272573, 285.03513513512235, 311.24751773048666, 642.2076923076775, 419.3346289752525, 360.31055718474045, 678.5259541984605, 401.3749262536771, 522.4680933852002, 502.8962546816341, 425.0798561150927, 291.20434782607396, 560.2773584905506], "mean": 464.09037659313395, "std": 117.04973975531043}