{"episode_rewards": [706.7965517241216, 880.816030534339, 681.0550151975557, 776.2250883392064, 892.1779922779725, 805.8561128526453, 752.8411764705697, 679.8999999999867, 693.8189189189025, 719.7757763974992, 745.5375838926014, 662.3999999999867, 660.5557377049047, 723.608206686917, 742.522950819659], "mean": 741.5924761211245, "std": 69.34599725117612}