{"episode_rewards": [371.23757961781985, 346.9198675496558, 503.23333333331834, 293.1203389830376, 426.96552706551495, 730.9810810810642, 587.3999999999851, 602.6027027026886, 606.6669172932162, 560.4166051660393, 409.83377483442524, 446.6128027681537, 596.8696969696817, 486.85652173911916, 284.758044164025], "mean": 483.6316528845163, "std": 125.84386899771752}