{"episode_rewards": [821.328571428553, 263.8575971731297, 892.6272727272546, 740.7142857142683, 64.23566433566941, 812.3579124578941, 673.28129496401, 704.3871794871673, 196.45172413793244, 823.9924092409119, 274.07218543044746, 556.4349544072818, 668.8768976897554, 412.91115241634054, 67.0924290220872], "mean": 531.5081020421802, "std": 281.70146443145967}