{"episode_rewards": [705.0118210862493, 371.0864406779523, 886.4771812080355, 67.68523489933398, 816.5666666666486, 305.10446096652964, 750.8844961240228, 240.35907473309203, 886.3864864864657, 853.1374100719232, 819.130769230757, 228.61972318338988, 190.7496732026197, 863.3551495016496, 901.7999999999821], "mean": 592.4236392025767, "std": 302.6472830670081}