{"episode_rewards": [-48.65867158671258, 363.6681159420174, 852.2809523809383, 44.91408450704313, 857.6464788732202, 306.6164179104311, 588.072043010737, 205.455555555555, 237.47961783438467, 46.847386759582434, 801.2605442176759, 214.58531468531314, 559.1592592592459, 784.2537414965876, 23.409967845659907], "mean": 389.1327205794452, "std": 314.55657362882806}