{"episode_rewards": [836.7770764119482, 46.75263157894804, 909.7999999999834, 910.399999999984, 438.6453874538597, 822.9769230769111, 838.3615384615213, 637.042857142843, 902.6999999999819, 900.7999999999774, 782.6586206896371, 884.0269841269647, 407.1463768115787, 785.0351351351163, 554.7387096774063], "mean": 710.5241493711108, "std": 241.4955308352791}