{"episode_rewards": [413.69310344826437, 342.6244582043204, 843.7596491227895, 240.32553191488236, 704.6138047137933, 850.604225352093, 889.0696750902422, 152.80697674419065, 576.1589928057386, 38.13071895424915, 582.2899371068995, 417.3603174603165, 201.18205128205173, 888.7475836431065, 869.2877551020292], "mean": 534.0436520629978, "std": 288.288735490283}