{"episode_rewards": [275.0, 290.0, 277.0, 253.0, 251.0, 277.0, 308.0, 269.0, 294.0, 311.0, 288.0, 267.0, 306.0, 264.0, 299.0], "mean": 281.93333333333334, "std": 18.69925726391886}