{"episode_rewards": [9.0, 11.0, 9.0, 9.0, 11.0, 12.0, 11.0, 12.0, 12.0, 8.0, 10.0, 12.0, 11.0, 12.0, 9.0], "mean": 10.533333333333333, "std": 1.3597385369580761}