{"episode_rewards": [658.620930232549, 723.051125401916, 855.7823529411587, 714.4454545454404, 775.6763975155123, 873.1824427480793, 642.3749163879439, 799.1248062015399, 690.0639344262161, 709.4238095237988, 748.5842105263026, 668.6074829931879, 825.0700680272039, 795.5228956228789, 863.4761589403861], "mean": 756.2004657356076, "std": 74.49094421890807}