{"episode_rewards": [857.3468085106258, 699.2079584774976, 735.6664233576483, 689.0156462584924, 862.8629629629493, 640.907194244588, 653.372222222207, 539.3366197182961, 301.21578947366993, 883.233333333323, 338.9243902438912, 386.85652173912035, 857.1953736654666, 254.61698113208064, 272.6598566308214], "mean": 598.1612054647119, "std": 224.39863666784007}