{"episode_rewards": [606.1499999999858, 839.7496240601304, 806.7100358422788, 47.23542319749613, 760.9169491525271, 779.0946308724662, 878.6985865724209, 713.0487889273242, 827.9821917808035, 373.2333333333178, 789.1508143322287, 322.48064516128727, 560.4166051660377, 507.44716981130364, 769.0275167785062], "mean": 638.756154332541, "std": 228.9955032184245}