{"episode_rewards": [388.5731391585751, 888.2720930232468, 791.5083916083779, 748.2606557376884, 617.4324675324563, 653.4211267605525, 759.6122302158121, 640.2846153846061, 672.0088435374075, 539.7601398601307, 582.8268292682832, 481.6610062892943, 614.185714285701, 877.921978021968, 754.1372881355808], "mean": 667.3244345879788, "std": 134.91727002434286}