{"episode_rewards": [33.92061855670368, 58.35070422535528, 233.23333333333667, 49.052542372884915, 57.98823529411979, 177.67777777778173, 157.527118644071, 88.92439024390217, -0.8352941176465801, 14.76486486486566, 179.9000000000046, 160.31666666667186, 177.8661016949164, 137.8421221864966, 85.86491228070317], "mean": 107.49293960161114, "std": 69.27552079242923}