{"episode_rewards": [700.553594771227, 814.0914191419049, 752.1012578616192, 885.5630824372626, 634.1192691029798, 675.9252365930455, 721.9064724918969, 903.0999999999881, 777.4510204081547, 467.844250871068, 782.8787234042438, 619.8999999999916, 562.3999999999896, 365.28461538460346, 871.8298245613871], "mean": 702.3299178019575, "std": 148.415358652353}