{"episode_rewards": [609.0412742382172, 673.0629392971133, 679.3117647058675, 605.379452054781, 762.4429553264456, 714.4695364238323, 672.0518987341673, 713.7801261829546, 785.3489164086576, 520.3819277108321, 855.6195571955622, 884.3961240309997, 714.4896656534859, 662.489928057543, 786.631391585747], "mean": 709.2598305070803, "std": 92.75842393581019}
// 0.8, 0.8, 0.6