{"episode_rewards": [688.1352941176383, 776.4822784810036, 559.274999999987, 686.3077669902792, 879.5747967479584, 910.7999999999904, 799.5539792387469, 823.741059602639, 810.3938271604776, 784.5153846153703, 678.7778877887689, 676.989783281723, 782.0548821548662, 670.1702702702576, 906.299999999993], "mean": 762.2048140299798, "std": 96.72584068510866}