{"episode_rewards": [604.597986577166, 694.1238267147978, 810.1564102563955, 220.3225352112731, 513.0386861313732, 464.83506493506013, 633.8743589743489, 356.42173913042, 742.8118773946228, 344.6949526813719, 810.6806691449674, 875.2521126760366, 214.00256410256162, 203.34827586206822, 360.61428571427064], "mean": 523.251689700449, "std": 225.7601019953354}