{"episode_rewards": [854.7611111110938, 614.1857142857036, 819.3630872483064, 711.3478114477973, 892.3242424242268, 320.46074766353837, 629.1418772563057, 578.0249999999924, 571.0864406779589, 874.2589743589623, 547.5510067114026, 776.3044943820113, 625.3237288135476, 524.8999999999855, 910.7999999999931], "mean": 683.3222824253885, "std": 163.13140182159606}