{"episode_rewards": [641.8354838709612, 350.21055900621195, 652.221981424138, 706.7965517241247, 336.4325077399286, 684.8462365591271, 548.5486486486369, 345.9431654676121, 763.9776699028988, 228.07337461300816, 708.1191780821777, 914.399999999995, 881.0320754716871, 618.4430463576066, 447.8041916167595], "mean": 588.5789780323249, "std": 199.73612322728093}